metric_optim,lr,fold,NSR,dataset,metric_eval,y
ap,3,0,1,citeulike,AP,0.8546
ap,10,0,1,citeulike,NDCG,0.9416
ap,3,0,1,citeulike,RBP_80,0.7522
ap,3,0,1,citeulike,RBP_90,0.5806
ap,3,0,1,citeulike,RBP_95,0.3962
ap,10,0,1,citeulike,RR,0.9639
dcg,3,0,1,citeulike,AP,0.8556
dcg,3,0,1,citeulike,NDCG,0.9432
dcg,3,0,1,citeulike,RBP_80,0.7536
dcg,3,0,1,citeulike,RBP_90,0.5801
dcg,1,0,1,citeulike,RBP_95,0.3956
dcg,3,0,1,citeulike,RR,0.9674
rbp_80,0.1,0,1,citeulike,AP,0.9122
rbp_80,0.1,0,1,citeulike,NDCG,0.9659
rbp_80,0.1,0,1,citeulike,RBP_80,0.794
rbp_80,0.1,0,1,citeulike,RBP_90,0.6064
rbp_80,0.1,0,1,citeulike,RBP_95,0.4085
rbp_80,0.1,0,1,citeulike,RR,0.9784
rbp_90,0.1,0,1,citeulike,AP,0.9122
rbp_90,0.1,0,1,citeulike,NDCG,0.9659
rbp_90,0.1,0,1,citeulike,RBP_80,0.794
rbp_90,0.1,0,1,citeulike,RBP_90,0.6064
rbp_90,0.1,0,1,citeulike,RBP_95,0.4085
rbp_90,0.1,0,1,citeulike,RR,0.9784
rbp_95,0.1,0,1,citeulike,AP,0.9122
rbp_95,0.1,0,1,citeulike,NDCG,0.9659
rbp_95,0.1,0,1,citeulike,RBP_80,0.794
rbp_95,0.1,0,1,citeulike,RBP_90,0.6064
rbp_95,0.1,0,1,citeulike,RBP_95,0.4085
rbp_95,0.1,0,1,citeulike,RR,0.9784
rr,3,0,1,citeulike,AP,0.5961
rr,3,0,1,citeulike,NDCG,0.8049
rr,3,0,1,citeulike,RBP_80,0.5194
rr,3,0,1,citeulike,RBP_90,0.4333
rr,3,0,1,citeulike,RBP_95,0.3216
rr,1,0,1,citeulike,RR,0.7933
ap,3,0,2,citeulike,AP,0.81
ap,3,0,2,citeulike,NDCG,0.923
ap,3,0,2,citeulike,RBP_80,0.7209
ap,3,0,2,citeulike,RBP_90,0.5576
ap,1,0,2,citeulike,RBP_95,0.3834
ap,3,0,2,citeulike,RR,0.9512
dcg,3,0,2,citeulike,AP,0.8127
dcg,1,0,2,citeulike,NDCG,0.9248
dcg,3,0,2,citeulike,RBP_80,0.7225
dcg,3,0,2,citeulike,RBP_90,0.5576
dcg,1,0,2,citeulike,RBP_95,0.3831
dcg,10,0,2,citeulike,RR,0.9558
rbp_80,0.1,0,2,citeulike,AP,0.8678
rbp_80,0.1,0,2,citeulike,NDCG,0.9481
rbp_80,0.1,0,2,citeulike,RBP_80,0.765
rbp_80,0.1,0,2,citeulike,RBP_90,0.585
rbp_80,0.1,0,2,citeulike,RBP_95,0.3966
rbp_80,0.1,0,2,citeulike,RR,0.9663
rbp_90,0.1,0,2,citeulike,AP,0.8678
rbp_90,0.1,0,2,citeulike,NDCG,0.9481
rbp_90,0.1,0,2,citeulike,RBP_80,0.765
rbp_90,0.1,0,2,citeulike,RBP_90,0.585
rbp_90,0.1,0,2,citeulike,RBP_95,0.3966
rbp_90,0.1,0,2,citeulike,RR,0.9663
rbp_95,0.1,0,2,citeulike,AP,0.8677
rbp_95,0.1,0,2,citeulike,NDCG,0.948
rbp_95,0.1,0,2,citeulike,RBP_80,0.7648
rbp_95,0.1,0,2,citeulike,RBP_90,0.5849
rbp_95,0.1,0,2,citeulike,RBP_95,0.3966
rbp_95,0.1,0,2,citeulike,RR,0.966
rr,10,0,2,citeulike,AP,0.4307
rr,10,0,2,citeulike,NDCG,0.7052
rr,10,0,2,citeulike,RBP_80,0.3725
rr,10,0,2,citeulike,RBP_90,0.3241
rr,10,0,2,citeulike,RBP_95,0.2576
rr,10,0,2,citeulike,RR,0.6663
ap,1,0,5,citeulike,AP,0.7245
ap,1,0,5,citeulike,NDCG,0.8834
ap,1,0,5,citeulike,RBP_80,0.6613
ap,1,0,5,citeulike,RBP_90,0.5124
ap,1,0,5,citeulike,RBP_95,0.3565
ap,1,0,5,citeulike,RR,0.9201
dcg,1,0,5,citeulike,AP,0.732
dcg,1,0,5,citeulike,NDCG,0.8885
dcg,10,0,5,citeulike,RBP_80,0.666
dcg,1,0,5,citeulike,RBP_90,0.5139
dcg,1,0,5,citeulike,RBP_95,0.3571
dcg,1,0,5,citeulike,RR,0.9322
rbp_80,0.01,0,5,citeulike,AP,0.7762
rbp_80,0.01,0,5,citeulike,NDCG,0.9073
rbp_80,0.01,0,5,citeulike,RBP_80,0.7018
rbp_80,0.01,0,5,citeulike,RBP_90,0.5395
rbp_80,0.01,0,5,citeulike,RBP_95,0.3706
rbp_80,0.01,0,5,citeulike,RR,0.9353
rbp_90,0.01,0,5,citeulike,AP,0.7764
rbp_90,0.01,0,5,citeulike,NDCG,0.907
rbp_90,0.01,0,5,citeulike,RBP_80,0.7015
rbp_90,0.01,0,5,citeulike,RBP_90,0.5398
rbp_90,0.01,0,5,citeulike,RBP_95,0.3711
rbp_90,0.01,0,5,citeulike,RR,0.9349
rbp_95,0.01,0,5,citeulike,AP,0.7747
rbp_95,0.01,0,5,citeulike,NDCG,0.9059
rbp_95,0.01,0,5,citeulike,RBP_80,0.7003
rbp_95,0.01,0,5,citeulike,RBP_90,0.5396
rbp_95,0.01,0,5,citeulike,RBP_95,0.3713
rbp_95,0.01,0,5,citeulike,RR,0.9321
rr,10,0,5,citeulike,AP,0.2439
rr,10,0,5,citeulike,NDCG,0.5696
rr,10,0,5,citeulike,RBP_80,0.2109
rr,10,0,5,citeulike,RBP_90,0.185
rr,10,0,5,citeulike,RBP_95,0.1599
rr,10,0,5,citeulike,RR,0.4883
ap,10,1,1,citeulike,AP,0.8571
ap,3,1,1,citeulike,NDCG,0.9421
ap,10,1,1,citeulike,RBP_80,0.7542
ap,3,1,1,citeulike,RBP_90,0.5815
ap,3,1,1,citeulike,RBP_95,0.3965
ap,10,1,1,citeulike,RR,0.9614
dcg,3,1,1,citeulike,AP,0.8556
dcg,3,1,1,citeulike,NDCG,0.9428
dcg,3,1,1,citeulike,RBP_80,0.7543
dcg,3,1,1,citeulike,RBP_90,0.5802
dcg,3,1,1,citeulike,RBP_95,0.3956
dcg,10,1,1,citeulike,RR,0.9671
rbp_80,0.1,1,1,citeulike,AP,0.9143
rbp_80,0.1,1,1,citeulike,NDCG,0.9666
rbp_80,0.1,1,1,citeulike,RBP_80,0.795
rbp_80,0.1,1,1,citeulike,RBP_90,0.6069
rbp_80,0.1,1,1,citeulike,RBP_95,0.4088
rbp_80,0.1,1,1,citeulike,RR,0.9769
rbp_90,0.1,1,1,citeulike,AP,0.9143
rbp_90,0.1,1,1,citeulike,NDCG,0.9666
rbp_90,0.1,1,1,citeulike,RBP_80,0.795
rbp_90,0.1,1,1,citeulike,RBP_90,0.6069
rbp_90,0.1,1,1,citeulike,RBP_95,0.4088
rbp_90,0.1,1,1,citeulike,RR,0.9769
rbp_95,0.1,1,1,citeulike,AP,0.9143
rbp_95,0.1,1,1,citeulike,NDCG,0.9666
rbp_95,0.1,1,1,citeulike,RBP_80,0.795
rbp_95,0.1,1,1,citeulike,RBP_90,0.6069
rbp_95,0.1,1,1,citeulike,RBP_95,0.4088
rbp_95,0.1,1,1,citeulike,RR,0.9769
rr,10,1,1,citeulike,AP,0.5871
rr,10,1,1,citeulike,NDCG,0.797
rr,10,1,1,citeulike,RBP_80,0.5068
rr,10,1,1,citeulike,RBP_90,0.4274
rr,10,1,1,citeulike,RBP_95,0.3195
rr,1,1,1,citeulike,RR,0.7777
ap,10,1,2,citeulike,AP,0.8099
ap,3,1,2,citeulike,NDCG,0.9226
ap,10,1,2,citeulike,RBP_80,0.7201
ap,1,1,2,citeulike,RBP_90,0.5572
ap,1,1,2,citeulike,RBP_95,0.3834
ap,10,1,2,citeulike,RR,0.9507
dcg,3,1,2,citeulike,AP,0.8112
dcg,3,1,2,citeulike,NDCG,0.924
dcg,3,1,2,citeulike,RBP_80,0.7229
dcg,3,1,2,citeulike,RBP_90,0.5575
dcg,3,1,2,citeulike,RBP_95,0.3829
dcg,1,1,2,citeulike,RR,0.9543
rbp_80,0.1,1,2,citeulike,AP,0.8688
rbp_80,0.1,1,2,citeulike,NDCG,0.9487
rbp_80,0.1,1,2,citeulike,RBP_80,0.7653
rbp_80,0.1,1,2,citeulike,RBP_90,0.5853
rbp_80,0.1,1,2,citeulike,RBP_95,0.3968
rbp_80,0.1,1,2,citeulike,RR,0.9672
rbp_90,0.1,1,2,citeulike,AP,0.8688
rbp_90,0.1,1,2,citeulike,NDCG,0.9487
rbp_90,0.1,1,2,citeulike,RBP_80,0.7653
rbp_90,0.1,1,2,citeulike,RBP_90,0.5853
rbp_90,0.1,1,2,citeulike,RBP_95,0.3968
rbp_90,0.1,1,2,citeulike,RR,0.9672
rbp_95,0.1,1,2,citeulike,AP,0.8687
rbp_95,0.1,1,2,citeulike,NDCG,0.9487
rbp_95,0.1,1,2,citeulike,RBP_80,0.765
rbp_95,0.1,1,2,citeulike,RBP_90,0.5852
rbp_95,0.1,1,2,citeulike,RBP_95,0.3968
rbp_95,0.1,1,2,citeulike,RR,0.9681
rr,3,1,2,citeulike,AP,0.4334
rr,3,1,2,citeulike,NDCG,0.7073
rr,3,1,2,citeulike,RBP_80,0.3736
rr,3,1,2,citeulike,RBP_90,0.3237
rr,3,1,2,citeulike,RBP_95,0.2569
rr,3,1,2,citeulike,RR,0.6738
ap,1,1,5,citeulike,AP,0.7241
ap,1,1,5,citeulike,NDCG,0.882
ap,1,1,5,citeulike,RBP_80,0.6605
ap,1,1,5,citeulike,RBP_90,0.5129
ap,1,1,5,citeulike,RBP_95,0.3572
ap,1,1,5,citeulike,RR,0.917
dcg,1,1,5,citeulike,AP,0.7298
dcg,3,1,5,citeulike,NDCG,0.8856
dcg,3,1,5,citeulike,RBP_80,0.6648
dcg,1,1,5,citeulike,RBP_90,0.5136
dcg,1,1,5,citeulike,RBP_95,0.3567
dcg,3,1,5,citeulike,RR,0.9208
rbp_80,0.01,1,5,citeulike,AP,0.7783
rbp_80,0.01,1,5,citeulike,NDCG,0.908
rbp_80,0.01,1,5,citeulike,RBP_80,0.7027
rbp_80,0.01,1,5,citeulike,RBP_90,0.5414
rbp_80,0.01,1,5,citeulike,RBP_95,0.3722
rbp_80,0.01,1,5,citeulike,RR,0.9364
rbp_90,0.01,1,5,citeulike,AP,0.7785
rbp_90,0.01,1,5,citeulike,NDCG,0.9081
rbp_90,0.01,1,5,citeulike,RBP_80,0.7024
rbp_90,0.01,1,5,citeulike,RBP_90,0.5415
rbp_90,0.01,1,5,citeulike,RBP_95,0.3724
rbp_90,0.01,1,5,citeulike,RR,0.9374
rbp_95,0.01,1,5,citeulike,AP,0.7778
rbp_95,0.01,1,5,citeulike,NDCG,0.9076
rbp_95,0.01,1,5,citeulike,RBP_80,0.7018
rbp_95,0.01,1,5,citeulike,RBP_90,0.5414
rbp_95,0.01,1,5,citeulike,RBP_95,0.3725
rbp_95,0.01,1,5,citeulike,RR,0.9356
rr,10,1,5,citeulike,AP,0.2455
rr,10,1,5,citeulike,NDCG,0.5721
rr,10,1,5,citeulike,RBP_80,0.2145
rr,10,1,5,citeulike,RBP_90,0.1871
rr,10,1,5,citeulike,RBP_95,0.1607
rr,10,1,5,citeulike,RR,0.4933
ap,3,2,1,citeulike,AP,0.8574
ap,3,2,1,citeulike,NDCG,0.9425
ap,3,2,1,citeulike,RBP_80,0.7553
ap,3,2,1,citeulike,RBP_90,0.5822
ap,3,2,1,citeulike,RBP_95,0.3969
ap,3,2,1,citeulike,RR,0.9621
dcg,3,2,1,citeulike,AP,0.8559
dcg,3,2,1,citeulike,NDCG,0.9432
dcg,10,2,1,citeulike,RBP_80,0.7547
dcg,3,2,1,citeulike,RBP_90,0.5802
dcg,3,2,1,citeulike,RBP_95,0.3954
dcg,10,2,1,citeulike,RR,0.9662
rbp_80,0.1,2,1,citeulike,AP,0.914
rbp_80,0.1,2,1,citeulike,NDCG,0.9666
rbp_80,0.1,2,1,citeulike,RBP_80,0.7963
rbp_80,0.1,2,1,citeulike,RBP_90,0.6074
rbp_80,0.1,2,1,citeulike,RBP_95,0.4089
rbp_80,0.1,2,1,citeulike,RR,0.9784
rbp_90,0.1,2,1,citeulike,AP,0.914
rbp_90,0.1,2,1,citeulike,NDCG,0.9666
rbp_90,0.1,2,1,citeulike,RBP_80,0.7963
rbp_90,0.1,2,1,citeulike,RBP_90,0.6074
rbp_90,0.1,2,1,citeulike,RBP_95,0.4089
rbp_90,0.1,2,1,citeulike,RR,0.9784
rbp_95,0.1,2,1,citeulike,AP,0.914
rbp_95,0.1,2,1,citeulike,NDCG,0.9666
rbp_95,0.1,2,1,citeulike,RBP_80,0.7963
rbp_95,0.1,2,1,citeulike,RBP_90,0.6074
rbp_95,0.1,2,1,citeulike,RBP_95,0.4089
rbp_95,0.1,2,1,citeulike,RR,0.9784
rr,1,2,1,citeulike,AP,0.5919
rr,1,2,1,citeulike,NDCG,0.8012
rr,1,2,1,citeulike,RBP_80,0.5142
rr,1,2,1,citeulike,RBP_90,0.4308
rr,1,2,1,citeulike,RBP_95,0.3206
rr,1,2,1,citeulike,RR,0.7847
ap,10,2,2,citeulike,AP,0.8136
ap,10,2,2,citeulike,NDCG,0.9241
ap,3,2,2,citeulike,RBP_80,0.724
ap,3,2,2,citeulike,RBP_90,0.5597
ap,3,2,2,citeulike,RBP_95,0.3843
ap,3,2,2,citeulike,RR,0.9509
dcg,3,2,2,citeulike,AP,0.8135
dcg,1,2,2,citeulike,NDCG,0.9253
dcg,10,2,2,citeulike,RBP_80,0.7246
dcg,3,2,2,citeulike,RBP_90,0.5582
dcg,1,2,2,citeulike,RBP_95,0.383
dcg,1,2,2,citeulike,RR,0.9567
rbp_80,0.1,2,2,citeulike,AP,0.8699
rbp_80,0.1,2,2,citeulike,NDCG,0.949
rbp_80,0.1,2,2,citeulike,RBP_80,0.7667
rbp_80,0.1,2,2,citeulike,RBP_90,0.5859
rbp_80,0.1,2,2,citeulike,RBP_95,0.3969
rbp_80,0.1,2,2,citeulike,RR,0.9654
rbp_90,0.1,2,2,citeulike,AP,0.8699
rbp_90,0.1,2,2,citeulike,NDCG,0.949
rbp_90,0.1,2,2,citeulike,RBP_80,0.7667
rbp_90,0.1,2,2,citeulike,RBP_90,0.5859
rbp_90,0.1,2,2,citeulike,RBP_95,0.3969
rbp_90,0.1,2,2,citeulike,RR,0.9654
rbp_95,0.1,2,2,citeulike,AP,0.8696
rbp_95,0.1,2,2,citeulike,NDCG,0.9488
rbp_95,0.1,2,2,citeulike,RBP_80,0.7663
rbp_95,0.1,2,2,citeulike,RBP_90,0.5858
rbp_95,0.1,2,2,citeulike,RBP_95,0.3969
rbp_95,0.1,2,2,citeulike,RR,0.9653
rr,3,2,2,citeulike,AP,0.4253
rr,3,2,2,citeulike,NDCG,0.7005
rr,3,2,2,citeulike,RBP_80,0.3651
rr,10,2,2,citeulike,RBP_90,0.3207
rr,10,2,2,citeulike,RBP_95,0.2561
rr,3,2,2,citeulike,RR,0.6572
ap,0.1,2,5,citeulike,AP,0.7274
ap,0.1,2,5,citeulike,NDCG,0.8847
ap,0.1,2,5,citeulike,RBP_80,0.6641
ap,0.1,2,5,citeulike,RBP_90,0.5144
ap,0.1,2,5,citeulike,RBP_95,0.3574
ap,3,2,5,citeulike,RR,0.9241
dcg,1,2,5,citeulike,AP,0.7298
dcg,1,2,5,citeulike,NDCG,0.8859
dcg,1,2,5,citeulike,RBP_80,0.6659
dcg,1,2,5,citeulike,RBP_90,0.514
dcg,1,2,5,citeulike,RBP_95,0.3568
dcg,10,2,5,citeulike,RR,0.9231
rbp_80,0.01,2,5,citeulike,AP,0.7794
rbp_80,0.01,2,5,citeulike,NDCG,0.909
rbp_80,0.01,2,5,citeulike,RBP_80,0.7049
rbp_80,0.01,2,5,citeulike,RBP_90,0.5418
rbp_80,0.01,2,5,citeulike,RBP_95,0.3719
rbp_80,0.01,2,5,citeulike,RR,0.9372
rbp_90,0.01,2,5,citeulike,AP,0.7794
rbp_90,0.01,2,5,citeulike,NDCG,0.9088
rbp_90,0.01,2,5,citeulike,RBP_80,0.7046
rbp_90,0.01,2,5,citeulike,RBP_90,0.5419
rbp_90,0.01,2,5,citeulike,RBP_95,0.3721
rbp_90,0.01,2,5,citeulike,RR,0.937
rbp_95,0.01,2,5,citeulike,AP,0.7775
rbp_95,0.01,2,5,citeulike,NDCG,0.9076
rbp_95,0.01,2,5,citeulike,RBP_80,0.7031
rbp_95,0.01,2,5,citeulike,RBP_90,0.5415
rbp_95,0.01,2,5,citeulike,RBP_95,0.3722
rbp_95,0.01,2,5,citeulike,RR,0.9344
rr,10,2,5,citeulike,AP,0.2449
rr,10,2,5,citeulike,NDCG,0.5706
rr,10,2,5,citeulike,RBP_80,0.2119
rr,10,2,5,citeulike,RBP_90,0.1858
rr,10,2,5,citeulike,RBP_95,0.1602
rr,10,2,5,citeulike,RR,0.4842
ap,3,0,1,Epinions,AP,0.9049
ap,10,0,1,Epinions,NDCG,0.9659
ap,3,0,1,Epinions,RBP_80,0.8121
ap,10,0,1,Epinions,RBP_90,0.6288
ap,10,0,1,Epinions,RBP_95,0.429
ap,10,0,1,Epinions,RR,0.9855
dcg,3,0,1,Epinions,AP,0.9075
dcg,3,0,1,Epinions,NDCG,0.9671
dcg,10,0,1,Epinions,RBP_80,0.8139
dcg,3,0,1,Epinions,RBP_90,0.6297
dcg,3,0,1,Epinions,RBP_95,0.4295
dcg,3,0,1,Epinions,RR,0.9861
rbp_80,0.1,0,1,Epinions,AP,0.9112
rbp_80,0.1,0,1,Epinions,NDCG,0.9677
rbp_80,0.1,0,1,Epinions,RBP_80,0.8158
rbp_80,0.1,0,1,Epinions,RBP_90,0.6311
rbp_80,0.1,0,1,Epinions,RBP_95,0.4299
rbp_80,0.1,0,1,Epinions,RR,0.9833
rbp_90,0.1,0,1,Epinions,AP,0.9113
rbp_90,0.1,0,1,Epinions,NDCG,0.9678
rbp_90,0.1,0,1,Epinions,RBP_80,0.8158
rbp_90,0.1,0,1,Epinions,RBP_90,0.6312
rbp_90,0.1,0,1,Epinions,RBP_95,0.43
rbp_90,0.1,0,1,Epinions,RR,0.9835
rbp_95,0.1,0,1,Epinions,AP,0.911
rbp_95,0.1,0,1,Epinions,NDCG,0.9677
rbp_95,0.1,0,1,Epinions,RBP_80,0.8156
rbp_95,0.1,0,1,Epinions,RBP_90,0.6312
rbp_95,0.1,0,1,Epinions,RBP_95,0.4301
rbp_95,0.1,0,1,Epinions,RR,0.9836
rr,10,0,1,Epinions,AP,0.6411
rr,10,0,1,Epinions,NDCG,0.8523
rr,10,0,1,Epinions,RBP_80,0.6118
rr,10,0,1,Epinions,RBP_90,0.4814
rr,10,0,1,Epinions,RBP_95,0.3476
rr,10,0,1,Epinions,RR,0.9253
ap,10,0,2,Epinions,AP,0.8625
ap,1,0,2,Epinions,NDCG,0.949
ap,10,0,2,Epinions,RBP_80,0.7867
ap,10,0,2,Epinions,RBP_90,0.6082
ap,3,0,2,Epinions,RBP_95,0.4164
ap,3,0,2,Epinions,RR,0.9759
dcg,10,0,2,Epinions,AP,0.8671
dcg,1,0,2,Epinions,NDCG,0.9511
dcg,10,0,2,Epinions,RBP_80,0.7898
dcg,10,0,2,Epinions,RBP_90,0.6101
dcg,10,0,2,Epinions,RBP_95,0.4175
dcg,1,0,2,Epinions,RR,0.9775
rbp_80,0.1,0,2,Epinions,AP,0.8725
rbp_80,0.1,0,2,Epinions,NDCG,0.9533
rbp_80,0.1,0,2,Epinions,RBP_80,0.7935
rbp_80,0.1,0,2,Epinions,RBP_90,0.6118
rbp_80,0.1,0,2,Epinions,RBP_95,0.4177
rbp_80,0.1,0,2,Epinions,RR,0.9791
rbp_90,0.1,0,2,Epinions,AP,0.8722
rbp_90,0.1,0,2,Epinions,NDCG,0.9529
rbp_90,0.1,0,2,Epinions,RBP_80,0.793
rbp_90,0.1,0,2,Epinions,RBP_90,0.612
rbp_90,0.1,0,2,Epinions,RBP_95,0.4181
rbp_90,0.1,0,2,Epinions,RR,0.9786
rbp_95,0.1,0,2,Epinions,AP,0.8722
rbp_95,0.1,0,2,Epinions,NDCG,0.9529
rbp_95,0.1,0,2,Epinions,RBP_80,0.793
rbp_95,0.1,0,2,Epinions,RBP_90,0.612
rbp_95,0.1,0,2,Epinions,RBP_95,0.4181
rbp_95,0.1,0,2,Epinions,RR,0.9786
rr,10,0,2,Epinions,AP,0.4968
rr,10,0,2,Epinions,NDCG,0.7741
rr,10,0,2,Epinions,RBP_80,0.4999
rr,10,0,2,Epinions,RBP_90,0.3896
rr,10,0,2,Epinions,RBP_95,0.2886
rr,10,0,2,Epinions,RR,0.8567
ap,1,0,5,Epinions,AP,0.7863
ap,1,0,5,Epinions,NDCG,0.9159
ap,1,0,5,Epinions,RBP_80,0.7399
ap,1,0,5,Epinions,RBP_90,0.5701
ap,1,0,5,Epinions,RBP_95,0.3919
ap,1,0,5,Epinions,RR,0.9577
dcg,10,0,5,Epinions,AP,0.7931
dcg,10,0,5,Epinions,NDCG,0.9189
dcg,10,0,5,Epinions,RBP_80,0.7444
dcg,10,0,5,Epinions,RBP_90,0.5734
dcg,10,0,5,Epinions,RBP_95,0.394
dcg,10,0,5,Epinions,RR,0.9605
rbp_80,0.01,0,5,Epinions,AP,0.801
rbp_80,0.01,0,5,Epinions,NDCG,0.9224
rbp_80,0.01,0,5,Epinions,RBP_80,0.7499
rbp_80,0.01,0,5,Epinions,RBP_90,0.5757
rbp_80,0.001,0,5,Epinions,RBP_95,0.3937
rbp_80,0.01,0,5,Epinions,RR,0.9625
rbp_90,0.01,0,5,Epinions,AP,0.8
rbp_90,0.01,0,5,Epinions,NDCG,0.921
rbp_90,0.01,0,5,Epinions,RBP_80,0.749
rbp_90,0.01,0,5,Epinions,RBP_90,0.5767
rbp_90,0.01,0,5,Epinions,RBP_95,0.3949
rbp_90,0.01,0,5,Epinions,RR,0.9585
rbp_95,0.01,0,5,Epinions,AP,0.7977
rbp_95,0.01,0,5,Epinions,NDCG,0.9196
rbp_95,0.01,0,5,Epinions,RBP_80,0.7473
rbp_95,0.01,0,5,Epinions,RBP_90,0.5763
rbp_95,0.01,0,5,Epinions,RBP_95,0.3951
rbp_95,0.01,0,5,Epinions,RR,0.956
rr,10,0,5,Epinions,AP,0.3252
rr,10,0,5,Epinions,NDCG,0.6634
rr,10,0,5,Epinions,RBP_80,0.3741
rr,10,0,5,Epinions,RBP_90,0.2767
rr,10,0,5,Epinions,RBP_95,0.2036
rr,10,0,5,Epinions,RR,0.7614
ap,10,1,1,Epinions,AP,0.9077
ap,10,1,1,Epinions,NDCG,0.9672
ap,10,1,1,Epinions,RBP_80,0.8143
ap,10,1,1,Epinions,RBP_90,0.6297
ap,10,1,1,Epinions,RBP_95,0.4292
ap,10,1,1,Epinions,RR,0.9856
dcg,3,1,1,Epinions,AP,0.91
dcg,3,1,1,Epinions,NDCG,0.9682
dcg,3,1,1,Epinions,RBP_80,0.8165
dcg,3,1,1,Epinions,RBP_90,0.631
dcg,1,1,1,Epinions,RBP_95,0.4298
dcg,10,1,1,Epinions,RR,0.9871
rbp_80,0.1,1,1,Epinions,AP,0.9129
rbp_80,0.1,1,1,Epinions,NDCG,0.9688
rbp_80,0.1,1,1,Epinions,RBP_80,0.8174
rbp_80,0.1,1,1,Epinions,RBP_90,0.6318
rbp_80,0.1,1,1,Epinions,RBP_95,0.4301
rbp_80,0.1,1,1,Epinions,RR,0.9855
rbp_90,0.1,1,1,Epinions,AP,0.9126
rbp_90,0.1,1,1,Epinions,NDCG,0.9685
rbp_90,0.1,1,1,Epinions,RBP_80,0.817
rbp_90,0.1,1,1,Epinions,RBP_90,0.6319
rbp_90,0.1,1,1,Epinions,RBP_95,0.4303
rbp_90,0.1,1,1,Epinions,RR,0.9849
rbp_95,0.1,1,1,Epinions,AP,0.9122
rbp_95,0.1,1,1,Epinions,NDCG,0.9683
rbp_95,0.1,1,1,Epinions,RBP_80,0.8166
rbp_95,0.1,1,1,Epinions,RBP_90,0.6318
rbp_95,0.1,1,1,Epinions,RBP_95,0.4303
rbp_95,0.1,1,1,Epinions,RR,0.9852
rr,10,1,1,Epinions,AP,0.6378
rr,10,1,1,Epinions,NDCG,0.8495
rr,10,1,1,Epinions,RBP_80,0.6073
rr,10,1,1,Epinions,RBP_90,0.4791
rr,10,1,1,Epinions,RBP_95,0.3467
rr,1,1,1,Epinions,RR,0.9189
ap,3,1,2,Epinions,AP,0.8634
ap,3,1,2,Epinions,NDCG,0.9496
ap,3,1,2,Epinions,RBP_80,0.7873
ap,10,1,2,Epinions,RBP_90,0.6085
ap,10,1,2,Epinions,RBP_95,0.4165
ap,10,1,2,Epinions,RR,0.9778
dcg,10,1,2,Epinions,AP,0.8682
dcg,10,1,2,Epinions,NDCG,0.9515
dcg,10,1,2,Epinions,RBP_80,0.7908
dcg,10,1,2,Epinions,RBP_90,0.6106
dcg,10,1,2,Epinions,RBP_95,0.4176
dcg,10,1,2,Epinions,RR,0.9779
rbp_80,0.1,1,2,Epinions,AP,0.8727
rbp_80,0.1,1,2,Epinions,NDCG,0.9528
rbp_80,0.1,1,2,Epinions,RBP_80,0.7934
rbp_80,0.1,1,2,Epinions,RBP_90,0.6119
rbp_80,0.1,1,2,Epinions,RBP_95,0.4177
rbp_80,0.01,1,2,Epinions,RR,0.9763
rbp_90,0.1,1,2,Epinions,AP,0.8722
rbp_90,0.1,1,2,Epinions,NDCG,0.9523
rbp_90,0.1,1,2,Epinions,RBP_80,0.793
rbp_90,0.1,1,2,Epinions,RBP_90,0.6121
rbp_90,0.1,1,2,Epinions,RBP_95,0.418
rbp_90,0.1,1,2,Epinions,RR,0.9758
rbp_95,0.1,1,2,Epinions,AP,0.8702
rbp_95,0.01,1,2,Epinions,NDCG,0.951
rbp_95,0.1,1,2,Epinions,RBP_80,0.7913
rbp_95,0.1,1,2,Epinions,RBP_90,0.6116
rbp_95,0.1,1,2,Epinions,RBP_95,0.418
rbp_95,0.01,1,2,Epinions,RR,0.9746
rr,10,1,2,Epinions,AP,0.4982
rr,10,1,2,Epinions,NDCG,0.7765
rr,10,1,2,Epinions,RBP_80,0.5043
rr,10,1,2,Epinions,RBP_90,0.3909
rr,10,1,2,Epinions,RBP_95,0.2887
rr,10,1,2,Epinions,RR,0.8673
ap,1,1,5,Epinions,AP,0.7876
ap,1,1,5,Epinions,NDCG,0.9159
ap,1,1,5,Epinions,RBP_80,0.7408
ap,1,1,5,Epinions,RBP_90,0.5706
ap,1,1,5,Epinions,RBP_95,0.3921
ap,1,1,5,Epinions,RR,0.9566
dcg,3,1,5,Epinions,AP,0.7952
dcg,3,1,5,Epinions,NDCG,0.9196
dcg,3,1,5,Epinions,RBP_80,0.7456
dcg,3,1,5,Epinions,RBP_90,0.5742
dcg,3,1,5,Epinions,RBP_95,0.3943
dcg,3,1,5,Epinions,RR,0.9603
rbp_80,0.01,1,5,Epinions,AP,0.8015
rbp_80,0.01,1,5,Epinions,NDCG,0.9219
rbp_80,0.01,1,5,Epinions,RBP_80,0.7506
rbp_80,0.01,1,5,Epinions,RBP_90,0.5769
rbp_80,0.01,1,5,Epinions,RBP_95,0.3945
rbp_80,0.01,1,5,Epinions,RR,0.9608
rbp_90,0.01,1,5,Epinions,AP,0.8014
rbp_90,0.01,1,5,Epinions,NDCG,0.9216
rbp_90,0.01,1,5,Epinions,RBP_80,0.7502
rbp_90,0.01,1,5,Epinions,RBP_90,0.5772
rbp_90,0.01,1,5,Epinions,RBP_95,0.3949
rbp_90,0.01,1,5,Epinions,RR,0.9595
rbp_95,0.01,1,5,Epinions,AP,0.7984
rbp_95,0.01,1,5,Epinions,NDCG,0.9195
rbp_95,0.01,1,5,Epinions,RBP_80,0.7476
rbp_95,0.01,1,5,Epinions,RBP_90,0.5766
rbp_95,0.01,1,5,Epinions,RBP_95,0.3952
rbp_95,0.01,1,5,Epinions,RR,0.9556
rr,10,1,5,Epinions,AP,0.3288
rr,10,1,5,Epinions,NDCG,0.6674
rr,10,1,5,Epinions,RBP_80,0.3782
rr,10,1,5,Epinions,RBP_90,0.2786
rr,10,1,5,Epinions,RBP_95,0.2043
rr,10,1,5,Epinions,RR,0.7763
ap,10,2,1,Epinions,AP,0.9063
ap,10,2,1,Epinions,NDCG,0.9663
ap,10,2,1,Epinions,RBP_80,0.8132
ap,10,2,1,Epinions,RBP_90,0.6296
ap,10,2,1,Epinions,RBP_95,0.4293
ap,10,2,1,Epinions,RR,0.9847
dcg,10,2,1,Epinions,AP,0.9097
dcg,10,2,1,Epinions,NDCG,0.9677
dcg,10,2,1,Epinions,RBP_80,0.8155
dcg,10,2,1,Epinions,RBP_90,0.631
dcg,10,2,1,Epinions,RBP_95,0.4301
dcg,10,2,1,Epinions,RR,0.9861
rbp_80,0.1,2,1,Epinions,AP,0.9128
rbp_80,0.1,2,1,Epinions,NDCG,0.9684
rbp_80,0.1,2,1,Epinions,RBP_80,0.8169
rbp_80,0.1,2,1,Epinions,RBP_90,0.6318
rbp_80,0.1,2,1,Epinions,RBP_95,0.4303
rbp_80,0.1,2,1,Epinions,RR,0.9847
rbp_90,0.1,2,1,Epinions,AP,0.9127
rbp_90,0.1,2,1,Epinions,NDCG,0.9683
rbp_90,0.1,2,1,Epinions,RBP_80,0.8167
rbp_90,0.1,2,1,Epinions,RBP_90,0.6319
rbp_90,0.1,2,1,Epinions,RBP_95,0.4304
rbp_90,0.1,2,1,Epinions,RR,0.9849
rbp_95,0.1,2,1,Epinions,AP,0.9123
rbp_95,0.1,2,1,Epinions,NDCG,0.968
rbp_95,0.1,2,1,Epinions,RBP_80,0.8164
rbp_95,0.1,2,1,Epinions,RBP_90,0.6318
rbp_95,0.1,2,1,Epinions,RBP_95,0.4304
rbp_95,0.1,2,1,Epinions,RR,0.9843
rr,10,2,1,Epinions,AP,0.6397
rr,10,2,1,Epinions,NDCG,0.8507
rr,10,2,1,Epinions,RBP_80,0.6106
rr,10,2,1,Epinions,RBP_90,0.4807
rr,10,2,1,Epinions,RBP_95,0.3472
rr,10,2,1,Epinions,RR,0.9185
ap,3,2,2,Epinions,AP,0.8649
ap,3,2,2,Epinions,NDCG,0.9503
ap,10,2,2,Epinions,RBP_80,0.7885
ap,10,2,2,Epinions,RBP_90,0.6091
ap,3,2,2,Epinions,RBP_95,0.4168
ap,3,2,2,Epinions,RR,0.9788
dcg,10,2,2,Epinions,AP,0.8697
dcg,10,2,2,Epinions,NDCG,0.9525
dcg,10,2,2,Epinions,RBP_80,0.7919
dcg,10,2,2,Epinions,RBP_90,0.6112
dcg,10,2,2,Epinions,RBP_95,0.418
dcg,3,2,2,Epinions,RR,0.9808
rbp_80,0.1,2,2,Epinions,AP,0.8753
rbp_80,0.1,2,2,Epinions,NDCG,0.9543
rbp_80,0.1,2,2,Epinions,RBP_80,0.7956
rbp_80,0.1,2,2,Epinions,RBP_90,0.6133
rbp_80,0.1,2,2,Epinions,RBP_95,0.4185
rbp_80,0.1,2,2,Epinions,RR,0.9789
rbp_90,0.1,2,2,Epinions,AP,0.875
rbp_90,0.1,2,2,Epinions,NDCG,0.954
rbp_90,0.1,2,2,Epinions,RBP_80,0.7955
rbp_90,0.1,2,2,Epinions,RBP_90,0.6137
rbp_90,0.1,2,2,Epinions,RBP_95,0.4189
rbp_90,0.1,2,2,Epinions,RR,0.979
rbp_95,0.1,2,2,Epinions,AP,0.875
rbp_95,0.1,2,2,Epinions,NDCG,0.954
rbp_95,0.1,2,2,Epinions,RBP_80,0.7955
rbp_95,0.1,2,2,Epinions,RBP_90,0.6137
rbp_95,0.1,2,2,Epinions,RBP_95,0.4189
rbp_95,0.1,2,2,Epinions,RR,0.979
rr,10,2,2,Epinions,AP,0.4985
rr,10,2,2,Epinions,NDCG,0.776
rr,10,2,2,Epinions,RBP_80,0.5048
rr,10,2,2,Epinions,RBP_90,0.3918
rr,10,2,2,Epinions,RBP_95,0.2893
rr,10,2,2,Epinions,RR,0.862
ap,0.1,2,5,Epinions,AP,0.7875
ap,0.1,2,5,Epinions,NDCG,0.916
ap,3,2,5,Epinions,RBP_80,0.7413
ap,3,2,5,Epinions,RBP_90,0.5709
ap,0.1,2,5,Epinions,RBP_95,0.3923
ap,0.1,2,5,Epinions,RR,0.9571
dcg,10,2,5,Epinions,AP,0.7962
dcg,10,2,5,Epinions,NDCG,0.9198
dcg,10,2,5,Epinions,RBP_80,0.7463
dcg,10,2,5,Epinions,RBP_90,0.5751
dcg,3,2,5,Epinions,RBP_95,0.395
dcg,10,2,5,Epinions,RR,0.9594
rbp_80,0.01,2,5,Epinions,AP,0.8013
rbp_80,0.01,2,5,Epinions,NDCG,0.9217
rbp_80,0.01,2,5,Epinions,RBP_80,0.7497
rbp_80,0.01,2,5,Epinions,RBP_90,0.5767
rbp_80,0.01,2,5,Epinions,RBP_95,0.3947
rbp_80,0.01,2,5,Epinions,RR,0.9601
rbp_90,0.01,2,5,Epinions,AP,0.8013
rbp_90,0.01,2,5,Epinions,NDCG,0.9215
rbp_90,0.01,2,5,Epinions,RBP_80,0.7495
rbp_90,0.01,2,5,Epinions,RBP_90,0.577
rbp_90,0.01,2,5,Epinions,RBP_95,0.3952
rbp_90,0.01,2,5,Epinions,RR,0.96
rbp_95,0.01,2,5,Epinions,AP,0.7995
rbp_95,0.01,2,5,Epinions,NDCG,0.9203
rbp_95,0.01,2,5,Epinions,RBP_80,0.748
rbp_95,0.01,2,5,Epinions,RBP_90,0.5768
rbp_95,0.01,2,5,Epinions,RBP_95,0.3955
rbp_95,0.01,2,5,Epinions,RR,0.9583
rr,10,2,5,Epinions,AP,0.3211
rr,10,2,5,Epinions,NDCG,0.6598
rr,10,2,5,Epinions,RBP_80,0.3677
rr,10,2,5,Epinions,RBP_90,0.2719
rr,10,2,5,Epinions,RBP_95,0.201
rr,10,2,5,Epinions,RR,0.76
ap,10,0,1,Home_and_Kitchen,AP,0.7981
ap,3,0,1,Home_and_Kitchen,NDCG,0.9147
ap,10,0,1,Home_and_Kitchen,RBP_80,0.644
ap,10,0,1,Home_and_Kitchen,RBP_90,0.4556
ap,1,0,1,Home_and_Kitchen,RBP_95,0.2855
ap,3,0,1,Home_and_Kitchen,RR,0.9549
dcg,1,0,1,Home_and_Kitchen,AP,0.7998
dcg,1,0,1,Home_and_Kitchen,NDCG,0.9159
dcg,1,0,1,Home_and_Kitchen,RBP_80,0.6451
dcg,1,0,1,Home_and_Kitchen,RBP_90,0.4559
dcg,1,0,1,Home_and_Kitchen,RBP_95,0.2855
dcg,0.1,0,1,Home_and_Kitchen,RR,0.9569
rbp_80,0.01,0,1,Home_and_Kitchen,AP,0.8017
rbp_80,0.1,0,1,Home_and_Kitchen,NDCG,0.9167
rbp_80,0.1,0,1,Home_and_Kitchen,RBP_80,0.6467
rbp_80,0.1,0,1,Home_and_Kitchen,RBP_90,0.4558
rbp_80,0.1,0,1,Home_and_Kitchen,RBP_95,0.2854
rbp_80,0.1,0,1,Home_and_Kitchen,RR,0.9581
rbp_90,0.01,0,1,Home_and_Kitchen,AP,0.8017
rbp_90,0.1,0,1,Home_and_Kitchen,NDCG,0.9167
rbp_90,0.1,0,1,Home_and_Kitchen,RBP_80,0.6467
rbp_90,0.1,0,1,Home_and_Kitchen,RBP_90,0.4558
rbp_90,0.1,0,1,Home_and_Kitchen,RBP_95,0.2854
rbp_90,0.1,0,1,Home_and_Kitchen,RR,0.9581
rbp_95,0.01,0,1,Home_and_Kitchen,AP,0.8017
rbp_95,0.1,0,1,Home_and_Kitchen,NDCG,0.9167
rbp_95,0.1,0,1,Home_and_Kitchen,RBP_80,0.6467
rbp_95,0.1,0,1,Home_and_Kitchen,RBP_90,0.4558
rbp_95,0.1,0,1,Home_and_Kitchen,RBP_95,0.2854
rbp_95,0.1,0,1,Home_and_Kitchen,RR,0.9581
rr,10,0,1,Home_and_Kitchen,AP,0.6295
rr,10,0,1,Home_and_Kitchen,NDCG,0.8194
rr,10,0,1,Home_and_Kitchen,RBP_80,0.5113
rr,10,0,1,Home_and_Kitchen,RBP_90,0.3905
rr,10,0,1,Home_and_Kitchen,RBP_95,0.2604
rr,10,0,1,Home_and_Kitchen,RR,0.8546
ap,0.1,0,2,Home_and_Kitchen,AP,0.7063
ap,0.1,0,2,Home_and_Kitchen,NDCG,0.8702
ap,0.1,0,2,Home_and_Kitchen,RBP_80,0.5812
ap,0.1,0,2,Home_and_Kitchen,RBP_90,0.4136
ap,0.1,0,2,Home_and_Kitchen,RBP_95,0.266
ap,0.1,0,2,Home_and_Kitchen,RR,0.9267
dcg,1,0,2,Home_and_Kitchen,AP,0.7078
dcg,1,0,2,Home_and_Kitchen,NDCG,0.8713
dcg,1,0,2,Home_and_Kitchen,RBP_80,0.5826
dcg,1,0,2,Home_and_Kitchen,RBP_90,0.4139
dcg,1,0,2,Home_and_Kitchen,RBP_95,0.2659
dcg,10,0,2,Home_and_Kitchen,RR,0.9288
rbp_80,0.1,0,2,Home_and_Kitchen,AP,0.71
rbp_80,0.01,0,2,Home_and_Kitchen,NDCG,0.8714
rbp_80,0.1,0,2,Home_and_Kitchen,RBP_80,0.5859
rbp_80,0.1,0,2,Home_and_Kitchen,RBP_90,0.4144
rbp_80,0.1,0,2,Home_and_Kitchen,RBP_95,0.2657
rbp_80,0.01,0,2,Home_and_Kitchen,RR,0.927
rbp_90,0.1,0,2,Home_and_Kitchen,AP,0.71
rbp_90,0.01,0,2,Home_and_Kitchen,NDCG,0.8714
rbp_90,0.1,0,2,Home_and_Kitchen,RBP_80,0.5859
rbp_90,0.1,0,2,Home_and_Kitchen,RBP_90,0.4144
rbp_90,0.1,0,2,Home_and_Kitchen,RBP_95,0.2657
rbp_90,0.01,0,2,Home_and_Kitchen,RR,0.927
rbp_95,0.1,0,2,Home_and_Kitchen,AP,0.71
rbp_95,0.01,0,2,Home_and_Kitchen,NDCG,0.8714
rbp_95,0.1,0,2,Home_and_Kitchen,RBP_80,0.5859
rbp_95,0.1,0,2,Home_and_Kitchen,RBP_90,0.4144
rbp_95,0.1,0,2,Home_and_Kitchen,RBP_95,0.2657
rbp_95,0.01,0,2,Home_and_Kitchen,RR,0.927
rr,10,0,2,Home_and_Kitchen,AP,0.4824
rr,10,0,2,Home_and_Kitchen,NDCG,0.7326
rr,10,0,2,Home_and_Kitchen,RBP_80,0.3933
rr,10,0,2,Home_and_Kitchen,RBP_90,0.3117
rr,10,0,2,Home_and_Kitchen,RBP_95,0.2231
rr,10,0,2,Home_and_Kitchen,RR,0.7683
ap,1,0,5,Home_and_Kitchen,AP,0.5755
ap,1,0,5,Home_and_Kitchen,NDCG,0.7967
ap,1,0,5,Home_and_Kitchen,RBP_80,0.4987
ap,1,0,5,Home_and_Kitchen,RBP_90,0.3503
ap,1,0,5,Home_and_Kitchen,RBP_95,0.2293
ap,1,0,5,Home_and_Kitchen,RR,0.8721
dcg,1,0,5,Home_and_Kitchen,AP,0.5778
dcg,1,0,5,Home_and_Kitchen,NDCG,0.7979
dcg,1,0,5,Home_and_Kitchen,RBP_80,0.5003
dcg,1,0,5,Home_and_Kitchen,RBP_90,0.3509
dcg,1,0,5,Home_and_Kitchen,RBP_95,0.2294
dcg,1,0,5,Home_and_Kitchen,RR,0.873
rbp_80,0.01,0,5,Home_and_Kitchen,AP,0.5777
rbp_80,0.01,0,5,Home_and_Kitchen,NDCG,0.7963
rbp_80,0.01,0,5,Home_and_Kitchen,RBP_80,0.5016
rbp_80,0.01,0,5,Home_and_Kitchen,RBP_90,0.352
rbp_80,0.01,0,5,Home_and_Kitchen,RBP_95,0.2295
rbp_80,0.01,0,5,Home_and_Kitchen,RR,0.8669
rbp_90,0.01,0,5,Home_and_Kitchen,AP,0.5777
rbp_90,0.01,0,5,Home_and_Kitchen,NDCG,0.7963
rbp_90,0.01,0,5,Home_and_Kitchen,RBP_80,0.5016
rbp_90,0.01,0,5,Home_and_Kitchen,RBP_90,0.352
rbp_90,0.01,0,5,Home_and_Kitchen,RBP_95,0.2295
rbp_90,0.01,0,5,Home_and_Kitchen,RR,0.8669
rbp_95,0.01,0,5,Home_and_Kitchen,AP,0.5778
rbp_95,0.01,0,5,Home_and_Kitchen,NDCG,0.7964
rbp_95,0.01,0,5,Home_and_Kitchen,RBP_80,0.5015
rbp_95,0.01,0,5,Home_and_Kitchen,RBP_90,0.352
rbp_95,0.01,0,5,Home_and_Kitchen,RBP_95,0.2295
rbp_95,0.01,0,5,Home_and_Kitchen,RR,0.8675
rr,10,0,5,Home_and_Kitchen,AP,0.3121
rr,10,0,5,Home_and_Kitchen,NDCG,0.6138
rr,10,0,5,Home_and_Kitchen,RBP_80,0.2648
rr,10,0,5,Home_and_Kitchen,RBP_90,0.2038
rr,10,0,5,Home_and_Kitchen,RBP_95,0.1571
rr,10,0,5,Home_and_Kitchen,RR,0.6457
ap,3,1,1,Home_and_Kitchen,AP,0.7983
ap,3,1,1,Home_and_Kitchen,NDCG,0.9148
ap,10,1,1,Home_and_Kitchen,RBP_80,0.6444
ap,3,1,1,Home_and_Kitchen,RBP_90,0.4557
ap,3,1,1,Home_and_Kitchen,RBP_95,0.2856
ap,1,1,1,Home_and_Kitchen,RR,0.9532
dcg,0.1,1,1,Home_and_Kitchen,AP,0.8005
dcg,0.1,1,1,Home_and_Kitchen,NDCG,0.9163
dcg,0.1,1,1,Home_and_Kitchen,RBP_80,0.6458
dcg,0.1,1,1,Home_and_Kitchen,RBP_90,0.4561
dcg,0.1,1,1,Home_and_Kitchen,RBP_95,0.2856
dcg,1,1,1,Home_and_Kitchen,RR,0.9564
rbp_80,0.01,1,1,Home_and_Kitchen,AP,0.802
rbp_80,0.01,1,1,Home_and_Kitchen,NDCG,0.917
rbp_80,0.01,1,1,Home_and_Kitchen,RBP_80,0.6471
rbp_80,0.01,1,1,Home_and_Kitchen,RBP_90,0.4559
rbp_80,0.01,1,1,Home_and_Kitchen,RBP_95,0.2854
rbp_80,0.1,1,1,Home_and_Kitchen,RR,0.9573
rbp_90,0.01,1,1,Home_and_Kitchen,AP,0.802
rbp_90,0.01,1,1,Home_and_Kitchen,NDCG,0.917
rbp_90,0.01,1,1,Home_and_Kitchen,RBP_80,0.6471
rbp_90,0.01,1,1,Home_and_Kitchen,RBP_90,0.4559
rbp_90,0.01,1,1,Home_and_Kitchen,RBP_95,0.2854
rbp_90,0.1,1,1,Home_and_Kitchen,RR,0.9573
rbp_95,0.01,1,1,Home_and_Kitchen,AP,0.802
rbp_95,0.01,1,1,Home_and_Kitchen,NDCG,0.917
rbp_95,0.01,1,1,Home_and_Kitchen,RBP_80,0.6471
rbp_95,0.01,1,1,Home_and_Kitchen,RBP_90,0.4559
rbp_95,0.01,1,1,Home_and_Kitchen,RBP_95,0.2854
rbp_95,0.1,1,1,Home_and_Kitchen,RR,0.9573
rr,10,1,1,Home_and_Kitchen,AP,0.6286
rr,10,1,1,Home_and_Kitchen,NDCG,0.8188
rr,10,1,1,Home_and_Kitchen,RBP_80,0.5106
rr,10,1,1,Home_and_Kitchen,RBP_90,0.3903
rr,10,1,1,Home_and_Kitchen,RBP_95,0.2604
rr,10,1,1,Home_and_Kitchen,RR,0.8525
ap,1,1,2,Home_and_Kitchen,AP,0.7062
ap,0.1,1,2,Home_and_Kitchen,NDCG,0.8698
ap,1,1,2,Home_and_Kitchen,RBP_80,0.5813
ap,3,1,2,Home_and_Kitchen,RBP_90,0.4136
ap,3,1,2,Home_and_Kitchen,RBP_95,0.2659
ap,10,1,2,Home_and_Kitchen,RR,0.924
dcg,1,1,2,Home_and_Kitchen,AP,0.7088
dcg,0.1,1,2,Home_and_Kitchen,NDCG,0.8717
dcg,1,1,2,Home_and_Kitchen,RBP_80,0.5835
dcg,1,1,2,Home_and_Kitchen,RBP_90,0.4143
dcg,0.1,1,2,Home_and_Kitchen,RBP_95,0.266
dcg,10,1,2,Home_and_Kitchen,RR,0.9281
rbp_80,0.1,1,2,Home_and_Kitchen,AP,0.7099
rbp_80,0.1,1,2,Home_and_Kitchen,NDCG,0.8718
rbp_80,0.1,1,2,Home_and_Kitchen,RBP_80,0.5861
rbp_80,0.1,1,2,Home_and_Kitchen,RBP_90,0.4144
rbp_80,0.1,1,2,Home_and_Kitchen,RBP_95,0.2656
rbp_80,0.1,1,2,Home_and_Kitchen,RR,0.9279
rbp_90,0.1,1,2,Home_and_Kitchen,AP,0.7099
rbp_90,0.1,1,2,Home_and_Kitchen,NDCG,0.8718
rbp_90,0.1,1,2,Home_and_Kitchen,RBP_80,0.5861
rbp_90,0.1,1,2,Home_and_Kitchen,RBP_90,0.4144
rbp_90,0.1,1,2,Home_and_Kitchen,RBP_95,0.2656
rbp_90,0.1,1,2,Home_and_Kitchen,RR,0.9279
rbp_95,0.1,1,2,Home_and_Kitchen,AP,0.7099
rbp_95,0.1,1,2,Home_and_Kitchen,NDCG,0.8718
rbp_95,0.1,1,2,Home_and_Kitchen,RBP_80,0.5861
rbp_95,0.1,1,2,Home_and_Kitchen,RBP_90,0.4144
rbp_95,0.1,1,2,Home_and_Kitchen,RBP_95,0.2656
rbp_95,0.1,1,2,Home_and_Kitchen,RR,0.9279
rr,10,1,2,Home_and_Kitchen,AP,0.4815
rr,10,1,2,Home_and_Kitchen,NDCG,0.7321
rr,10,1,2,Home_and_Kitchen,RBP_80,0.3936
rr,10,1,2,Home_and_Kitchen,RBP_90,0.3118
rr,10,1,2,Home_and_Kitchen,RBP_95,0.2231
rr,10,1,2,Home_and_Kitchen,RR,0.7692
ap,1,1,5,Home_and_Kitchen,AP,0.5757
ap,1,1,5,Home_and_Kitchen,NDCG,0.7969
ap,1,1,5,Home_and_Kitchen,RBP_80,0.4992
ap,0.1,1,5,Home_and_Kitchen,RBP_90,0.3503
ap,0.1,1,5,Home_and_Kitchen,RBP_95,0.2292
ap,1,1,5,Home_and_Kitchen,RR,0.8711
dcg,1,1,5,Home_and_Kitchen,AP,0.578
dcg,1,1,5,Home_and_Kitchen,NDCG,0.798
dcg,1,1,5,Home_and_Kitchen,RBP_80,0.5007
dcg,1,1,5,Home_and_Kitchen,RBP_90,0.3509
dcg,1,1,5,Home_and_Kitchen,RBP_95,0.2292
dcg,1,1,5,Home_and_Kitchen,RR,0.8713
rbp_80,0.01,1,5,Home_and_Kitchen,AP,0.5779
rbp_80,0.01,1,5,Home_and_Kitchen,NDCG,0.7966
rbp_80,0.01,1,5,Home_and_Kitchen,RBP_80,0.502
rbp_80,0.01,1,5,Home_and_Kitchen,RBP_90,0.3521
rbp_80,0.01,1,5,Home_and_Kitchen,RBP_95,0.2295
rbp_80,0.01,1,5,Home_and_Kitchen,RR,0.8663
rbp_90,0.01,1,5,Home_and_Kitchen,AP,0.5779
rbp_90,0.01,1,5,Home_and_Kitchen,NDCG,0.7966
rbp_90,0.01,1,5,Home_and_Kitchen,RBP_80,0.502
rbp_90,0.01,1,5,Home_and_Kitchen,RBP_90,0.3521
rbp_90,0.01,1,5,Home_and_Kitchen,RBP_95,0.2295
rbp_90,0.01,1,5,Home_and_Kitchen,RR,0.8663
rbp_95,0.01,1,5,Home_and_Kitchen,AP,0.5779
rbp_95,0.01,1,5,Home_and_Kitchen,NDCG,0.7966
rbp_95,0.01,1,5,Home_and_Kitchen,RBP_80,0.502
rbp_95,0.01,1,5,Home_and_Kitchen,RBP_90,0.3521
rbp_95,0.01,1,5,Home_and_Kitchen,RBP_95,0.2295
rbp_95,0.01,1,5,Home_and_Kitchen,RR,0.8663
rr,10,1,5,Home_and_Kitchen,AP,0.3106
rr,10,1,5,Home_and_Kitchen,NDCG,0.6131
rr,10,1,5,Home_and_Kitchen,RBP_80,0.2642
rr,10,1,5,Home_and_Kitchen,RBP_90,0.2034
rr,10,1,5,Home_and_Kitchen,RBP_95,0.1568
rr,10,1,5,Home_and_Kitchen,RR,0.6483
ap,1,2,1,Home_and_Kitchen,AP,0.7983
ap,3,2,1,Home_and_Kitchen,NDCG,0.915
ap,1,2,1,Home_and_Kitchen,RBP_80,0.6442
ap,1,2,1,Home_and_Kitchen,RBP_90,0.4556
ap,10,2,1,Home_and_Kitchen,RBP_95,0.2856
ap,3,2,1,Home_and_Kitchen,RR,0.9544
dcg,0.1,2,1,Home_and_Kitchen,AP,0.7995
dcg,0.1,2,1,Home_and_Kitchen,NDCG,0.916
dcg,0.1,2,1,Home_and_Kitchen,RBP_80,0.645
dcg,1,2,1,Home_and_Kitchen,RBP_90,0.4558
dcg,0.1,2,1,Home_and_Kitchen,RBP_95,0.2855
dcg,3,2,1,Home_and_Kitchen,RR,0.9571
rbp_80,0.01,2,1,Home_and_Kitchen,AP,0.8013
rbp_80,0.1,2,1,Home_and_Kitchen,NDCG,0.9167
rbp_80,0.1,2,1,Home_and_Kitchen,RBP_80,0.6467
rbp_80,0.1,2,1,Home_and_Kitchen,RBP_90,0.4558
rbp_80,0.1,2,1,Home_and_Kitchen,RBP_95,0.2854
rbp_80,0.1,2,1,Home_and_Kitchen,RR,0.9581
rbp_90,0.01,2,1,Home_and_Kitchen,AP,0.8013
rbp_90,0.1,2,1,Home_and_Kitchen,NDCG,0.9167
rbp_90,0.1,2,1,Home_and_Kitchen,RBP_80,0.6467
rbp_90,0.1,2,1,Home_and_Kitchen,RBP_90,0.4558
rbp_90,0.1,2,1,Home_and_Kitchen,RBP_95,0.2854
rbp_90,0.1,2,1,Home_and_Kitchen,RR,0.9581
rbp_95,0.01,2,1,Home_and_Kitchen,AP,0.8013
rbp_95,0.1,2,1,Home_and_Kitchen,NDCG,0.9167
rbp_95,0.1,2,1,Home_and_Kitchen,RBP_80,0.6467
rbp_95,0.1,2,1,Home_and_Kitchen,RBP_90,0.4558
rbp_95,0.1,2,1,Home_and_Kitchen,RBP_95,0.2854
rbp_95,0.1,2,1,Home_and_Kitchen,RR,0.9581
rr,10,2,1,Home_and_Kitchen,AP,0.6294
rr,10,2,1,Home_and_Kitchen,NDCG,0.819
rr,10,2,1,Home_and_Kitchen,RBP_80,0.5111
rr,10,2,1,Home_and_Kitchen,RBP_90,0.3906
rr,10,2,1,Home_and_Kitchen,RBP_95,0.2606
rr,10,2,1,Home_and_Kitchen,RR,0.8515
ap,0.1,2,2,Home_and_Kitchen,AP,0.7058
ap,0.1,2,2,Home_and_Kitchen,NDCG,0.8698
ap,0.1,2,2,Home_and_Kitchen,RBP_80,0.581
ap,0.1,2,2,Home_and_Kitchen,RBP_90,0.4135
ap,0.1,2,2,Home_and_Kitchen,RBP_95,0.2659
ap,0.1,2,2,Home_and_Kitchen,RR,0.9252
dcg,1,2,2,Home_and_Kitchen,AP,0.7071
dcg,0.1,2,2,Home_and_Kitchen,NDCG,0.8709
dcg,1,2,2,Home_and_Kitchen,RBP_80,0.5823
dcg,0.1,2,2,Home_and_Kitchen,RBP_90,0.4136
dcg,3,2,2,Home_and_Kitchen,RBP_95,0.2658
dcg,0.1,2,2,Home_and_Kitchen,RR,0.928
rbp_80,0.1,2,2,Home_and_Kitchen,AP,0.7097
rbp_80,0.1,2,2,Home_and_Kitchen,NDCG,0.8718
rbp_80,0.1,2,2,Home_and_Kitchen,RBP_80,0.586
rbp_80,0.1,2,2,Home_and_Kitchen,RBP_90,0.4143
rbp_80,0.1,2,2,Home_and_Kitchen,RBP_95,0.2657
rbp_80,0.1,2,2,Home_and_Kitchen,RR,0.9291
rbp_90,0.1,2,2,Home_and_Kitchen,AP,0.7097
rbp_90,0.1,2,2,Home_and_Kitchen,NDCG,0.8718
rbp_90,0.1,2,2,Home_and_Kitchen,RBP_80,0.586
rbp_90,0.1,2,2,Home_and_Kitchen,RBP_90,0.4143
rbp_90,0.1,2,2,Home_and_Kitchen,RBP_95,0.2657
rbp_90,0.1,2,2,Home_and_Kitchen,RR,0.9291
rbp_95,0.1,2,2,Home_and_Kitchen,AP,0.7097
rbp_95,0.1,2,2,Home_and_Kitchen,NDCG,0.8718
rbp_95,0.1,2,2,Home_and_Kitchen,RBP_80,0.586
rbp_95,0.1,2,2,Home_and_Kitchen,RBP_90,0.4143
rbp_95,0.1,2,2,Home_and_Kitchen,RBP_95,0.2657
rbp_95,0.1,2,2,Home_and_Kitchen,RR,0.9291
rr,10,2,2,Home_and_Kitchen,AP,0.4824
rr,10,2,2,Home_and_Kitchen,NDCG,0.7326
rr,10,2,2,Home_and_Kitchen,RBP_80,0.3943
rr,10,2,2,Home_and_Kitchen,RBP_90,0.3123
rr,10,2,2,Home_and_Kitchen,RBP_95,0.2234
rr,10,2,2,Home_and_Kitchen,RR,0.7684
ap,0.1,2,5,Home_and_Kitchen,AP,0.5743
ap,0.1,2,5,Home_and_Kitchen,NDCG,0.7962
ap,0.1,2,5,Home_and_Kitchen,RBP_80,0.4983
ap,0.1,2,5,Home_and_Kitchen,RBP_90,0.3499
ap,0.1,2,5,Home_and_Kitchen,RBP_95,0.2291
ap,1,2,5,Home_and_Kitchen,RR,0.8708
dcg,1,2,5,Home_and_Kitchen,AP,0.5764
dcg,1,2,5,Home_and_Kitchen,NDCG,0.7975
dcg,1,2,5,Home_and_Kitchen,RBP_80,0.4996
dcg,1,2,5,Home_and_Kitchen,RBP_90,0.3502
dcg,1,2,5,Home_and_Kitchen,RBP_95,0.229
dcg,1,2,5,Home_and_Kitchen,RR,0.8728
rbp_80,0.01,2,5,Home_and_Kitchen,AP,0.5765
rbp_80,0.01,2,5,Home_and_Kitchen,NDCG,0.7959
rbp_80,0.01,2,5,Home_and_Kitchen,RBP_80,0.501
rbp_80,0.01,2,5,Home_and_Kitchen,RBP_90,0.3516
rbp_80,0.01,2,5,Home_and_Kitchen,RBP_95,0.2293
rbp_80,0.01,2,5,Home_and_Kitchen,RR,0.8669
rbp_90,0.01,2,5,Home_and_Kitchen,AP,0.5766
rbp_90,0.01,2,5,Home_and_Kitchen,NDCG,0.796
rbp_90,0.01,2,5,Home_and_Kitchen,RBP_80,0.5009
rbp_90,0.01,2,5,Home_and_Kitchen,RBP_90,0.3516
rbp_90,0.01,2,5,Home_and_Kitchen,RBP_95,0.2293
rbp_90,0.01,2,5,Home_and_Kitchen,RR,0.8673
rbp_95,0.01,2,5,Home_and_Kitchen,AP,0.5764
rbp_95,0.01,2,5,Home_and_Kitchen,NDCG,0.796
rbp_95,0.01,2,5,Home_and_Kitchen,RBP_80,0.5008
rbp_95,0.01,2,5,Home_and_Kitchen,RBP_90,0.3516
rbp_95,0.01,2,5,Home_and_Kitchen,RBP_95,0.2293
rbp_95,0.01,2,5,Home_and_Kitchen,RR,0.8676
rr,10,2,5,Home_and_Kitchen,AP,0.3086
rr,10,2,5,Home_and_Kitchen,NDCG,0.6104
rr,10,2,5,Home_and_Kitchen,RBP_80,0.2611
rr,10,2,5,Home_and_Kitchen,RBP_90,0.2019
rr,10,2,5,Home_and_Kitchen,RBP_95,0.1563
rr,10,2,5,Home_and_Kitchen,RR,0.639
ap,10,0,1,Sports_and_Outdoors,AP,0.7739
ap,10,0,1,Sports_and_Outdoors,NDCG,0.9012
ap,10,0,1,Sports_and_Outdoors,RBP_80,0.6218
ap,10,0,1,Sports_and_Outdoors,RBP_90,0.4418
ap,3,0,1,Sports_and_Outdoors,RBP_95,0.2773
ap,1,0,1,Sports_and_Outdoors,RR,0.9403
dcg,10,0,1,Sports_and_Outdoors,AP,0.7743
dcg,10,0,1,Sports_and_Outdoors,NDCG,0.9014
dcg,10,0,1,Sports_and_Outdoors,RBP_80,0.6222
dcg,10,0,1,Sports_and_Outdoors,RBP_90,0.4421
dcg,10,0,1,Sports_and_Outdoors,RBP_95,0.2775
dcg,10,0,1,Sports_and_Outdoors,RR,0.9404
rbp_80,0.1,0,1,Sports_and_Outdoors,AP,0.7737
rbp_80,0.1,0,1,Sports_and_Outdoors,NDCG,0.9027
rbp_80,0.1,0,1,Sports_and_Outdoors,RBP_80,0.6221
rbp_80,0.1,0,1,Sports_and_Outdoors,RBP_90,0.4397
rbp_80,0.1,0,1,Sports_and_Outdoors,RBP_95,0.276
rbp_80,0.1,0,1,Sports_and_Outdoors,RR,0.9475
rbp_90,0.1,0,1,Sports_and_Outdoors,AP,0.7737
rbp_90,0.1,0,1,Sports_and_Outdoors,NDCG,0.9027
rbp_90,0.1,0,1,Sports_and_Outdoors,RBP_80,0.6221
rbp_90,0.1,0,1,Sports_and_Outdoors,RBP_90,0.4397
rbp_90,0.001,0,1,Sports_and_Outdoors,RBP_95,0.2765
rbp_90,0.1,0,1,Sports_and_Outdoors,RR,0.9476
rbp_95,0.1,0,1,Sports_and_Outdoors,AP,0.7737
rbp_95,0.1,0,1,Sports_and_Outdoors,NDCG,0.9027
rbp_95,0.1,0,1,Sports_and_Outdoors,RBP_80,0.6221
rbp_95,0.1,0,1,Sports_and_Outdoors,RBP_90,0.4397
rbp_95,0.001,0,1,Sports_and_Outdoors,RBP_95,0.2765
rbp_95,0.1,0,1,Sports_and_Outdoors,RR,0.9476
rr,10,0,1,Sports_and_Outdoors,AP,0.6191
rr,10,0,1,Sports_and_Outdoors,NDCG,0.8078
rr,10,0,1,Sports_and_Outdoors,RBP_80,0.4981
rr,10,0,1,Sports_and_Outdoors,RBP_90,0.3843
rr,3,0,1,Sports_and_Outdoors,RBP_95,0.2562
rr,10,0,1,Sports_and_Outdoors,RR,0.822
ap,1,0,2,Sports_and_Outdoors,AP,0.6883
ap,1,0,2,Sports_and_Outdoors,NDCG,0.86
ap,1,0,2,Sports_and_Outdoors,RBP_80,0.5626
ap,3,0,2,Sports_and_Outdoors,RBP_90,0.4012
ap,3,0,2,Sports_and_Outdoors,RBP_95,0.2585
ap,1,0,2,Sports_and_Outdoors,RR,0.9185
dcg,10,0,2,Sports_and_Outdoors,AP,0.6866
dcg,3,0,2,Sports_and_Outdoors,NDCG,0.8587
dcg,3,0,2,Sports_and_Outdoors,RBP_80,0.5606
dcg,10,0,2,Sports_and_Outdoors,RBP_90,0.4007
dcg,10,0,2,Sports_and_Outdoors,RBP_95,0.2585
dcg,3,0,2,Sports_and_Outdoors,RR,0.9172
rbp_80,0.1,0,2,Sports_and_Outdoors,AP,0.6892
rbp_80,0.1,0,2,Sports_and_Outdoors,NDCG,0.8603
rbp_80,0.1,0,2,Sports_and_Outdoors,RBP_80,0.5668
rbp_80,0.1,0,2,Sports_and_Outdoors,RBP_90,0.3991
rbp_80,0.1,0,2,Sports_and_Outdoors,RBP_95,0.2561
rbp_80,0.1,0,2,Sports_and_Outdoors,RR,0.9206
rbp_90,0.1,0,2,Sports_and_Outdoors,AP,0.6888
rbp_90,0.1,0,2,Sports_and_Outdoors,NDCG,0.8599
rbp_90,0.1,0,2,Sports_and_Outdoors,RBP_80,0.5667
rbp_90,0.1,0,2,Sports_and_Outdoors,RBP_90,0.3992
rbp_90,0.1,0,2,Sports_and_Outdoors,RBP_95,0.2561
rbp_90,0.1,0,2,Sports_and_Outdoors,RR,0.9195
rbp_95,0.1,0,2,Sports_and_Outdoors,AP,0.6888
rbp_95,0.1,0,2,Sports_and_Outdoors,NDCG,0.8599
rbp_95,0.1,0,2,Sports_and_Outdoors,RBP_80,0.5667
rbp_95,0.1,0,2,Sports_and_Outdoors,RBP_90,0.3992
rbp_95,0.1,0,2,Sports_and_Outdoors,RBP_95,0.2561
rbp_95,0.1,0,2,Sports_and_Outdoors,RR,0.9195
rr,10,0,2,Sports_and_Outdoors,AP,0.4687
rr,10,0,2,Sports_and_Outdoors,NDCG,0.7172
rr,10,0,2,Sports_and_Outdoors,RBP_80,0.3763
rr,10,0,2,Sports_and_Outdoors,RBP_90,0.3046
rr,10,0,2,Sports_and_Outdoors,RBP_95,0.2195
rr,3,0,2,Sports_and_Outdoors,RR,0.7277
ap,1,0,5,Sports_and_Outdoors,AP,0.5689
ap,1,0,5,Sports_and_Outdoors,NDCG,0.7932
ap,1,0,5,Sports_and_Outdoors,RBP_80,0.4882
ap,1,0,5,Sports_and_Outdoors,RBP_90,0.3393
ap,0.1,0,5,Sports_and_Outdoors,RBP_95,0.2223
ap,0.1,0,5,Sports_and_Outdoors,RR,0.8737
dcg,3,0,5,Sports_and_Outdoors,AP,0.5614
dcg,3,0,5,Sports_and_Outdoors,NDCG,0.7883
dcg,3,0,5,Sports_and_Outdoors,RBP_80,0.4802
dcg,3,0,5,Sports_and_Outdoors,RBP_90,0.3356
dcg,1,0,5,Sports_and_Outdoors,RBP_95,0.2212
dcg,10,0,5,Sports_and_Outdoors,RR,0.8715
rbp_80,0.01,0,5,Sports_and_Outdoors,AP,0.5742
rbp_80,0.01,0,5,Sports_and_Outdoors,NDCG,0.7956
rbp_80,0.01,0,5,Sports_and_Outdoors,RBP_80,0.4983
rbp_80,0.01,0,5,Sports_and_Outdoors,RBP_90,0.3414
rbp_80,0.001,0,5,Sports_and_Outdoors,RBP_95,0.2202
rbp_80,0.01,0,5,Sports_and_Outdoors,RR,0.8779
rbp_90,0.01,0,5,Sports_and_Outdoors,AP,0.5734
rbp_90,0.01,0,5,Sports_and_Outdoors,NDCG,0.7946
rbp_90,0.01,0,5,Sports_and_Outdoors,RBP_80,0.4981
rbp_90,0.01,0,5,Sports_and_Outdoors,RBP_90,0.3419
rbp_90,0.01,0,5,Sports_and_Outdoors,RBP_95,0.2205
rbp_90,0.01,0,5,Sports_and_Outdoors,RR,0.8748
rbp_95,0.01,0,5,Sports_and_Outdoors,AP,0.573
rbp_95,0.01,0,5,Sports_and_Outdoors,NDCG,0.7942
rbp_95,0.01,0,5,Sports_and_Outdoors,RBP_80,0.4978
rbp_95,0.01,0,5,Sports_and_Outdoors,RBP_90,0.3419
rbp_95,0.01,0,5,Sports_and_Outdoors,RBP_95,0.2205
rbp_95,0.1,0,5,Sports_and_Outdoors,RR,0.8746
rr,10,0,5,Sports_and_Outdoors,AP,0.2938
rr,10,0,5,Sports_and_Outdoors,NDCG,0.5933
rr,10,0,5,Sports_and_Outdoors,RBP_80,0.2395
rr,10,0,5,Sports_and_Outdoors,RBP_90,0.1916
rr,10,0,5,Sports_and_Outdoors,RBP_95,0.1521
rr,3,0,5,Sports_and_Outdoors,RR,0.5938
ap,10,1,1,Sports_and_Outdoors,AP,0.7709
ap,3,1,1,Sports_and_Outdoors,NDCG,0.8993
ap,10,1,1,Sports_and_Outdoors,RBP_80,0.6192
ap,10,1,1,Sports_and_Outdoors,RBP_90,0.4407
ap,10,1,1,Sports_and_Outdoors,RBP_95,0.2769
ap,3,1,1,Sports_and_Outdoors,RR,0.9379
dcg,10,1,1,Sports_and_Outdoors,AP,0.7716
dcg,10,1,1,Sports_and_Outdoors,NDCG,0.8997
dcg,10,1,1,Sports_and_Outdoors,RBP_80,0.6198
dcg,10,1,1,Sports_and_Outdoors,RBP_90,0.441
dcg,3,1,1,Sports_and_Outdoors,RBP_95,0.277
dcg,10,1,1,Sports_and_Outdoors,RR,0.9379
rbp_80,0.1,1,1,Sports_and_Outdoors,AP,0.7729
rbp_80,0.1,1,1,Sports_and_Outdoors,NDCG,0.9021
rbp_80,0.1,1,1,Sports_and_Outdoors,RBP_80,0.6218
rbp_80,0.1,1,1,Sports_and_Outdoors,RBP_90,0.4397
rbp_80,0.1,1,1,Sports_and_Outdoors,RBP_95,0.276
rbp_80,0.1,1,1,Sports_and_Outdoors,RR,0.947
rbp_90,0.1,1,1,Sports_and_Outdoors,AP,0.7729
rbp_90,0.1,1,1,Sports_and_Outdoors,NDCG,0.9021
rbp_90,0.1,1,1,Sports_and_Outdoors,RBP_80,0.6218
rbp_90,0.1,1,1,Sports_and_Outdoors,RBP_90,0.4397
rbp_90,0.001,1,1,Sports_and_Outdoors,RBP_95,0.2764
rbp_90,0.1,1,1,Sports_and_Outdoors,RR,0.947
rbp_95,0.1,1,1,Sports_and_Outdoors,AP,0.7729
rbp_95,0.1,1,1,Sports_and_Outdoors,NDCG,0.9021
rbp_95,0.1,1,1,Sports_and_Outdoors,RBP_80,0.6218
rbp_95,0.1,1,1,Sports_and_Outdoors,RBP_90,0.4397
rbp_95,0.001,1,1,Sports_and_Outdoors,RBP_95,0.2764
rbp_95,0.1,1,1,Sports_and_Outdoors,RR,0.947
rr,3,1,1,Sports_and_Outdoors,AP,0.6194
rr,3,1,1,Sports_and_Outdoors,NDCG,0.8077
rr,3,1,1,Sports_and_Outdoors,RBP_80,0.4981
rr,3,1,1,Sports_and_Outdoors,RBP_90,0.3842
rr,3,1,1,Sports_and_Outdoors,RBP_95,0.2561
rr,3,1,1,Sports_and_Outdoors,RR,0.822
ap,3,1,2,Sports_and_Outdoors,AP,0.6865
ap,3,1,2,Sports_and_Outdoors,NDCG,0.859
ap,3,1,2,Sports_and_Outdoors,RBP_80,0.5608
ap,3,1,2,Sports_and_Outdoors,RBP_90,0.4001
ap,3,1,2,Sports_and_Outdoors,RBP_95,0.258
ap,10,1,2,Sports_and_Outdoors,RR,0.918
dcg,10,1,2,Sports_and_Outdoors,AP,0.6849
dcg,10,1,2,Sports_and_Outdoors,NDCG,0.8575
dcg,10,1,2,Sports_and_Outdoors,RBP_80,0.5595
dcg,10,1,2,Sports_and_Outdoors,RBP_90,0.3999
dcg,10,1,2,Sports_and_Outdoors,RBP_95,0.2581
dcg,10,1,2,Sports_and_Outdoors,RR,0.9139
rbp_80,0.1,1,2,Sports_and_Outdoors,AP,0.6889
rbp_80,0.1,1,2,Sports_and_Outdoors,NDCG,0.8601
rbp_80,0.1,1,2,Sports_and_Outdoors,RBP_80,0.5667
rbp_80,0.1,1,2,Sports_and_Outdoors,RBP_90,0.3992
rbp_80,0.1,1,2,Sports_and_Outdoors,RBP_95,0.2562
rbp_80,0.1,1,2,Sports_and_Outdoors,RR,0.9191
rbp_90,0.1,1,2,Sports_and_Outdoors,AP,0.6889
rbp_90,0.1,1,2,Sports_and_Outdoors,NDCG,0.8601
rbp_90,0.1,1,2,Sports_and_Outdoors,RBP_80,0.5667
rbp_90,0.1,1,2,Sports_and_Outdoors,RBP_90,0.3992
rbp_90,0.1,1,2,Sports_and_Outdoors,RBP_95,0.2562
rbp_90,0.1,1,2,Sports_and_Outdoors,RR,0.9191
rbp_95,0.1,1,2,Sports_and_Outdoors,AP,0.6889
rbp_95,0.1,1,2,Sports_and_Outdoors,NDCG,0.8601
rbp_95,0.1,1,2,Sports_and_Outdoors,RBP_80,0.5667
rbp_95,0.1,1,2,Sports_and_Outdoors,RBP_90,0.3992
rbp_95,0.1,1,2,Sports_and_Outdoors,RBP_95,0.2562
rbp_95,0.1,1,2,Sports_and_Outdoors,RR,0.9191
rr,10,1,2,Sports_and_Outdoors,AP,0.4701
rr,10,1,2,Sports_and_Outdoors,NDCG,0.719
rr,10,1,2,Sports_and_Outdoors,RBP_80,0.377
rr,10,1,2,Sports_and_Outdoors,RBP_90,0.3047
rr,10,1,2,Sports_and_Outdoors,RBP_95,0.2194
rr,10,1,2,Sports_and_Outdoors,RR,0.7327
ap,0.1,1,5,Sports_and_Outdoors,AP,0.5667
ap,0.1,1,5,Sports_and_Outdoors,NDCG,0.7917
ap,0.1,1,5,Sports_and_Outdoors,RBP_80,0.4861
ap,0.1,1,5,Sports_and_Outdoors,RBP_90,0.3383
ap,0.1,1,5,Sports_and_Outdoors,RBP_95,0.2218
ap,0.1,1,5,Sports_and_Outdoors,RR,0.8706
dcg,1,1,5,Sports_and_Outdoors,AP,0.56
dcg,1,1,5,Sports_and_Outdoors,NDCG,0.7873
dcg,1,1,5,Sports_and_Outdoors,RBP_80,0.4786
dcg,1,1,5,Sports_and_Outdoors,RBP_90,0.3346
dcg,1,1,5,Sports_and_Outdoors,RBP_95,0.2207
dcg,3,1,5,Sports_and_Outdoors,RR,0.8658
rbp_80,0.01,1,5,Sports_and_Outdoors,AP,0.5737
rbp_80,0.01,1,5,Sports_and_Outdoors,NDCG,0.7952
rbp_80,0.01,1,5,Sports_and_Outdoors,RBP_80,0.498
rbp_80,0.01,1,5,Sports_and_Outdoors,RBP_90,0.3416
rbp_80,0.01,1,5,Sports_and_Outdoors,RBP_95,0.2204
rbp_80,0.1,1,5,Sports_and_Outdoors,RR,0.8779
rbp_90,0.01,1,5,Sports_and_Outdoors,AP,0.5726
rbp_90,0.1,1,5,Sports_and_Outdoors,NDCG,0.7945
rbp_90,0.01,1,5,Sports_and_Outdoors,RBP_80,0.4974
rbp_90,0.01,1,5,Sports_and_Outdoors,RBP_90,0.3417
rbp_90,0.01,1,5,Sports_and_Outdoors,RBP_95,0.2205
rbp_90,0.1,1,5,Sports_and_Outdoors,RR,0.8779
rbp_95,0.01,1,5,Sports_and_Outdoors,AP,0.5726
rbp_95,0.1,1,5,Sports_and_Outdoors,NDCG,0.7945
rbp_95,0.01,1,5,Sports_and_Outdoors,RBP_80,0.4974
rbp_95,0.01,1,5,Sports_and_Outdoors,RBP_90,0.3417
rbp_95,0.01,1,5,Sports_and_Outdoors,RBP_95,0.2205
rbp_95,0.1,1,5,Sports_and_Outdoors,RR,0.8779
rr,10,1,5,Sports_and_Outdoors,AP,0.296
rr,10,1,5,Sports_and_Outdoors,NDCG,0.5954
rr,10,1,5,Sports_and_Outdoors,RBP_80,0.2421
rr,10,1,5,Sports_and_Outdoors,RBP_90,0.193
rr,10,1,5,Sports_and_Outdoors,RBP_95,0.1525
rr,10,1,5,Sports_and_Outdoors,RR,0.5966
ap,10,2,1,Sports_and_Outdoors,AP,0.7722
ap,10,2,1,Sports_and_Outdoors,NDCG,0.9007
ap,10,2,1,Sports_and_Outdoors,RBP_80,0.6206
ap,10,2,1,Sports_and_Outdoors,RBP_90,0.4413
ap,10,2,1,Sports_and_Outdoors,RBP_95,0.2772
ap,1,2,1,Sports_and_Outdoors,RR,0.9434
dcg,10,2,1,Sports_and_Outdoors,AP,0.7738
dcg,10,2,1,Sports_and_Outdoors,NDCG,0.9014
dcg,10,2,1,Sports_and_Outdoors,RBP_80,0.6216
dcg,10,2,1,Sports_and_Outdoors,RBP_90,0.4418
dcg,10,2,1,Sports_and_Outdoors,RBP_95,0.2774
dcg,3,2,1,Sports_and_Outdoors,RR,0.9428
rbp_80,0.1,2,1,Sports_and_Outdoors,AP,0.7726
rbp_80,0.1,2,1,Sports_and_Outdoors,NDCG,0.9025
rbp_80,0.1,2,1,Sports_and_Outdoors,RBP_80,0.6214
rbp_80,0.1,2,1,Sports_and_Outdoors,RBP_90,0.4394
rbp_80,0.1,2,1,Sports_and_Outdoors,RBP_95,0.2759
rbp_80,0.1,2,1,Sports_and_Outdoors,RR,0.9494
rbp_90,0.1,2,1,Sports_and_Outdoors,AP,0.7726
rbp_90,0.1,2,1,Sports_and_Outdoors,NDCG,0.9025
rbp_90,0.1,2,1,Sports_and_Outdoors,RBP_80,0.6214
rbp_90,0.001,2,1,Sports_and_Outdoors,RBP_90,0.4396
rbp_90,0.001,2,1,Sports_and_Outdoors,RBP_95,0.2766
rbp_90,0.1,2,1,Sports_and_Outdoors,RR,0.9494
rbp_95,0.1,2,1,Sports_and_Outdoors,AP,0.7726
rbp_95,0.1,2,1,Sports_and_Outdoors,NDCG,0.9025
rbp_95,0.1,2,1,Sports_and_Outdoors,RBP_80,0.6214
rbp_95,0.001,2,1,Sports_and_Outdoors,RBP_90,0.4396
rbp_95,0.001,2,1,Sports_and_Outdoors,RBP_95,0.2766
rbp_95,0.1,2,1,Sports_and_Outdoors,RR,0.9494
rr,10,2,1,Sports_and_Outdoors,AP,0.6209
rr,10,2,1,Sports_and_Outdoors,NDCG,0.8097
rr,10,2,1,Sports_and_Outdoors,RBP_80,0.4997
rr,10,2,1,Sports_and_Outdoors,RBP_90,0.3849
rr,10,2,1,Sports_and_Outdoors,RBP_95,0.2565
rr,10,2,1,Sports_and_Outdoors,RR,0.8281
ap,1,2,2,Sports_and_Outdoors,AP,0.6862
ap,10,2,2,Sports_and_Outdoors,NDCG,0.8593
ap,1,2,2,Sports_and_Outdoors,RBP_80,0.561
ap,3,2,2,Sports_and_Outdoors,RBP_90,0.4003
ap,3,2,2,Sports_and_Outdoors,RBP_95,0.2582
ap,10,2,2,Sports_and_Outdoors,RR,0.9202
dcg,10,2,2,Sports_and_Outdoors,AP,0.6857
dcg,10,2,2,Sports_and_Outdoors,NDCG,0.8584
dcg,10,2,2,Sports_and_Outdoors,RBP_80,0.5599
dcg,10,2,2,Sports_and_Outdoors,RBP_90,0.4004
dcg,10,2,2,Sports_and_Outdoors,RBP_95,0.2584
dcg,10,2,2,Sports_and_Outdoors,RR,0.9169
rbp_80,0.1,2,2,Sports_and_Outdoors,AP,0.6888
rbp_80,0.1,2,2,Sports_and_Outdoors,NDCG,0.8608
rbp_80,0.1,2,2,Sports_and_Outdoors,RBP_80,0.5666
rbp_80,0.1,2,2,Sports_and_Outdoors,RBP_90,0.3986
rbp_80,0.1,2,2,Sports_and_Outdoors,RBP_95,0.2559
rbp_80,0.1,2,2,Sports_and_Outdoors,RR,0.9229
rbp_90,0.1,2,2,Sports_and_Outdoors,AP,0.6883
rbp_90,0.1,2,2,Sports_and_Outdoors,NDCG,0.8605
rbp_90,0.1,2,2,Sports_and_Outdoors,RBP_80,0.5663
rbp_90,0.1,2,2,Sports_and_Outdoors,RBP_90,0.3986
rbp_90,0.1,2,2,Sports_and_Outdoors,RBP_95,0.2559
rbp_90,0.1,2,2,Sports_and_Outdoors,RR,0.9236
rbp_95,0.1,2,2,Sports_and_Outdoors,AP,0.6883
rbp_95,0.1,2,2,Sports_and_Outdoors,NDCG,0.8605
rbp_95,0.1,2,2,Sports_and_Outdoors,RBP_80,0.5663
rbp_95,0.1,2,2,Sports_and_Outdoors,RBP_90,0.3986
rbp_95,0.1,2,2,Sports_and_Outdoors,RBP_95,0.2559
rbp_95,0.1,2,2,Sports_and_Outdoors,RR,0.9236
rr,10,2,2,Sports_and_Outdoors,AP,0.47
rr,10,2,2,Sports_and_Outdoors,NDCG,0.719
rr,10,2,2,Sports_and_Outdoors,RBP_80,0.3775
rr,10,2,2,Sports_and_Outdoors,RBP_90,0.3049
rr,10,2,2,Sports_and_Outdoors,RBP_95,0.2196
rr,10,2,2,Sports_and_Outdoors,RR,0.7321
ap,0.1,2,5,Sports_and_Outdoors,AP,0.5669
ap,0.1,2,5,Sports_and_Outdoors,NDCG,0.7923
ap,0.1,2,5,Sports_and_Outdoors,RBP_80,0.4869
ap,0.1,2,5,Sports_and_Outdoors,RBP_90,0.3387
ap,0.1,2,5,Sports_and_Outdoors,RBP_95,0.222
ap,0.1,2,5,Sports_and_Outdoors,RR,0.8735
dcg,3,2,5,Sports_and_Outdoors,AP,0.5582
dcg,3,2,5,Sports_and_Outdoors,NDCG,0.7862
dcg,3,2,5,Sports_and_Outdoors,RBP_80,0.4775
dcg,3,2,5,Sports_and_Outdoors,RBP_90,0.3345
dcg,3,2,5,Sports_and_Outdoors,RBP_95,0.2209
dcg,10,2,5,Sports_and_Outdoors,RR,0.8678
rbp_80,0.1,2,5,Sports_and_Outdoors,AP,0.5725
rbp_80,0.1,2,5,Sports_and_Outdoors,NDCG,0.7955
rbp_80,0.01,2,5,Sports_and_Outdoors,RBP_80,0.4971
rbp_80,0.01,2,5,Sports_and_Outdoors,RBP_90,0.3408
rbp_80,0.01,2,5,Sports_and_Outdoors,RBP_95,0.2199
rbp_80,0.1,2,5,Sports_and_Outdoors,RR,0.8815
rbp_90,0.1,2,5,Sports_and_Outdoors,AP,0.5725
rbp_90,0.1,2,5,Sports_and_Outdoors,NDCG,0.7955
rbp_90,0.01,2,5,Sports_and_Outdoors,RBP_80,0.4971
rbp_90,0.01,2,5,Sports_and_Outdoors,RBP_90,0.3409
rbp_90,0.01,2,5,Sports_and_Outdoors,RBP_95,0.22
rbp_90,0.1,2,5,Sports_and_Outdoors,RR,0.8815
rbp_95,0.01,2,5,Sports_and_Outdoors,AP,0.5704
rbp_95,0.01,2,5,Sports_and_Outdoors,NDCG,0.793
rbp_95,0.01,2,5,Sports_and_Outdoors,RBP_80,0.4963
rbp_95,0.01,2,5,Sports_and_Outdoors,RBP_90,0.3408
rbp_95,0.01,2,5,Sports_and_Outdoors,RBP_95,0.22
rbp_95,0.01,2,5,Sports_and_Outdoors,RR,0.8744
rr,10,2,5,Sports_and_Outdoors,AP,0.2952
rr,10,2,5,Sports_and_Outdoors,NDCG,0.5944
rr,10,2,5,Sports_and_Outdoors,RBP_80,0.2402
rr,10,2,5,Sports_and_Outdoors,RBP_90,0.1917
rr,10,2,5,Sports_and_Outdoors,RBP_95,0.1521
rr,10,2,5,Sports_and_Outdoors,RR,0.5933
